original_cost_cr,cumulative_expenditure_cr,physical_progress_pct,expenditure_ratio_pct,expenditure_progress_gap_pct,progress_remaining_pct,project_age_months,planned_duration_months,months_to_original_target,project_age_ratio,original_cost_log_cr,is_mega_project,time_overrun
1216.9,1196.4,98.04,98.31539156874024,0.27539156874023263,1.9599999999999937,89.0,91.0,2.0,0.978021978021978,7.104883343093065,1.0,0
1305.0,874.24,81.0,66.99157088122605,-14.008429118773947,19.0,45.0,48.0,3.0,0.9375,7.174724309836376,1.0,0
861.37,316.6,48.1,36.7554012793573,-11.3445987206427,51.9,29.0,32.0,3.0,0.90625,6.759684412907734,0.0,1
480.0,339.22,97.35,70.67083333333333,-26.67916666666666,2.6500000000000057,45.0,45.0,0.0,1.0,6.175867270105761,0.0,1
887.0,523.61,64.96,59.0315670800451,-5.9284329199548935,35.040000000000006,33.0,33.0,0.0,1.0,6.78897174299217,0.0,1
2869.65,544.48,25.0,18.97374244245814,-6.026257557541861,75.0,20.0,36.0,16.0,0.5555555555555556,7.962293763946991,1.0,0
579.0,193.18,38.35,33.36442141623489,-4.985578583765111,61.65,21.0,25.0,4.0,0.84,6.363028103540465,0.0,1
1549.0,437.74,21.58,28.25952227243383,6.679522272433832,78.42,19.0,31.0,12.0,0.6129032258064516,7.346010209913293,1.0,0
410.26,187.54,54.6,45.71247501584361,-8.887524984156393,45.4,94.0,94.0,0.0,1.0,6.0192256178933725,0.0,1
513.99,234.28,53.03,45.5806533201035,-7.4493466798965,46.97,91.0,91.0,0.0,1.0,6.2441474829994865,0.0,1
371.04,148.08,58.2,39.909443725743856,-18.290556274256147,41.8,135.0,135.0,0.0,1.0,5.9190013753742665,0.0,1
888.99,139.57,31.52,15.699839143297448,-15.820160856702552,68.48,64.0,64.0,0.0,1.0,6.791210226708006,0.0,1
570.11,88.17,17.09,15.465436494711545,-1.6245635052884548,82.91,55.0,55.0,0.0,1.0,6.347581835585807,0.0,1
535.18,5.71,14.61,1.0669307522702642,-13.543069247729735,85.39,94.0,106.0,12.0,0.8867924528301887,6.284469925591108,0.0,1
483.65,69.92,16.79,14.456735242427376,-2.333264757572623,83.21000000000001,71.0,71.0,0.0,1.0,6.183426980938617,0.0,1
1686.22,618.64,43.2,36.6879766578501,-6.512023342149902,56.8,94.0,103.0,9.0,0.912621359223301,7.43083748305353,1.0,0
1581.0,600.47,36.0,37.98039215686275,1.9803921568627487,64.0,116.0,118.0,2.0,0.9830508474576272,7.366445148327599,1.0,0
502.0,406.86,59.54,81.04780876494024,21.507808764940243,40.46,85.0,454.0,369.0,0.18722466960352424,6.220590170099739,0.0,0
15530.0,4606.12,27.0,29.659497746297486,2.659497746297486,73.0,31.0,58.0,27.0,0.5344827586206896,9.65059330557001,1.0,1
2614.51,1075.31,33.56,41.12854798795949,7.568547987959491,66.44,38.0,63.0,25.0,0.6031746031746031,7.869214386164091,1.0,1
4526.12,1516.68,32.82,33.509495992152225,0.6894959921522243,67.18,46.0,54.0,8.0,0.8518518518518519,8.417841254705579,1.0,1
11843.75,6222.91,48.2,52.54172031662269,4.341720316622684,51.8,43.0,57.0,14.0,0.7543859649122807,9.379640010418274,1.0,1
679.0,291.97,48.0,43.00000000000001,-4.999999999999993,52.0,22.0,24.0,2.0,0.9166666666666666,6.522092798170152,0.0,1
329.0,23.03,8.1,7.000000000000001,-1.0999999999999988,91.9,17.0,21.0,4.0,0.8095238095238095,5.799092654460526,0.0,1
4766.0,1167.67,22.08,24.500000000000004,2.4200000000000053,77.92,17.0,24.0,7.0,0.7083333333333334,8.469472455204826,1.0,1
488.29,4.88,1.0,0.9994060906428557,-0.0005939093571443177,99.0,13.0,21.0,8.0,0.6190476190476191,6.192955360726739,0.0,1
581.74,6.98,1.2,1.1998487296730498,-0.00015127032695017029,98.8,12.0,21.0,9.0,0.5714285714285714,6.367741117751471,0.0,1
319.42,46.31,15.0,14.49815290213512,-0.5018470978648804,85.0,18.0,18.0,0.0,1.0,5.769632635218568,0.0,1
218.6,3.28,1.5,1.5004574565416284,0.0004574565416284315,98.5,20.0,24.0,4.0,0.8333333333333334,5.391807709635375,0.0,1
1842.25,1648.05,95.4,89.4585425430859,-5.941457456914108,4.599999999999994,169.0,169.0,0.0,1.0,7.51928559686976,1.0,1
3674.0,1304.27,35.17,35.5,0.3299999999999983,64.83,17.0,24.0,7.0,0.7083333333333334,8.209308411646937,1.0,1
2708.0,1462.32,55.0,53.99999999999999,-1.000000000000007,45.0,19.0,24.0,5.0,0.7916666666666666,7.904334842085095,1.0,1
5550.0,860.25,15.07,15.5,0.4299999999999997,84.93,12.0,24.0,12.0,0.5,8.621733370690162,1.0,1
342.69,97.66,29.36,28.49805947065861,-0.8619405293413891,70.64,18.0,18.0,0.0,1.0,5.839740088291405,0.0,1
408.94,4.09,1.1,1.0001467207903358,-0.09985327920966425,98.9,16.0,18.0,2.0,0.8888888888888888,6.016010807525982,0.0,1
5969.0,1193.8,21.69,20.0,-1.6900000000000013,78.31,16.0,24.0,8.0,0.6666666666666666,8.694502206386648,1.0,1
5357.0,1339.25,26.07,25.0,-1.0700000000000003,73.93,16.0,24.0,8.0,0.6666666666666666,8.586346050104554,1.0,1
2227.0,957.61,36.57,43.0,6.43,63.43,19.0,24.0,5.0,0.7916666666666666,7.708859601047175,1.0,1
3251.0,1592.99,37.17,49.0,11.829999999999998,62.83,19.0,24.0,5.0,0.7916666666666666,8.087025470667701,1.0,1
5028.0,754.2,17.49,15.000000000000002,-2.4899999999999967,82.51,12.0,24.0,12.0,0.5,8.522976436171964,1.0,1
5846.0,1461.5,27.54,25.0,-2.539999999999999,72.46000000000001,15.0,24.0,9.0,0.625,8.67368398817567,1.0,1
3279.0,1442.76,43.68,44.0,0.3200000000000003,56.32,19.0,24.0,5.0,0.7916666666666666,8.09559870137819,1.0,1
1382.0,511.34,39.59,37.0,-2.5900000000000034,60.41,19.0,24.0,5.0,0.7916666666666666,7.232010331664759,1.0,1
2735.0,847.85,30.42,31.0,0.5799999999999983,69.58,16.0,24.0,8.0,0.6666666666666666,7.914252278742441,1.0,1
404.0,26.26,6.8,6.5,-0.2999999999999998,93.2,12.0,21.0,9.0,0.5714285714285714,6.003887067106539,0.0,1
548.0,117.82,17.28,21.5,4.219999999999999,82.72,14.0,23.0,9.0,0.6086956521739131,6.3080984415095305,0.0,1
212.81,5.32,3.0,2.4998825243174663,-0.5001174756825337,97.0,15.0,18.0,3.0,0.8333333333333334,5.365087770181889,0.0,1
14788.1,,64.0,,,36.0,57.0,60.0,3.0,0.95,9.601645701926314,1.0,0
1957.05,641.83,30.85,32.79578958125751,1.9457895812575075,69.15,40.0,48.0,8.0,0.8333333333333334,7.579704359025902,1.0,0
592.61,551.3,80.0,93.02914226894585,13.029142268945847,20.0,198.0,203.0,5.0,0.9753694581280788,6.386222538072459,0.0,0
166.66,122.26,81.0,73.3589343573743,-7.641065642625705,19.0,36.0,36.0,0.0,1.0,5.1219381192097115,0.0,1
474.23,167.55,4.0,35.33095755224258,31.33095755224258,96.0,198.0,243.0,45.0,0.8148148148148148,6.163798897368869,0.0,0
685.76,283.56,34.0,41.349743350443305,7.349743350443305,66.0,25.0,48.0,23.0,0.5208333333333334,6.5319848862090115,0.0,0
156.36,95.86,70.6,61.307239703248904,-9.29276029675109,29.400000000000006,36.0,52.0,16.0,0.6923076923076923,5.058536174080804,0.0,0
384.04,212.07,80.1,55.22081033225705,-24.879189667742942,19.900000000000006,36.0,52.0,16.0,0.6923076923076923,5.953347224994854,0.0,0
356.86,63.42,65.0,17.771675166732052,-47.22832483326795,35.0,34.0,38.0,4.0,0.8947368421052632,5.880141848463716,0.0,0
225.71,19.82,31.0,8.781179389482078,-22.218820610517923,69.0,20.0,51.0,31.0,0.39215686274509803,5.423671667700738,0.0,0
461.05,216.91,86.1,47.04695803058237,-39.05304196941763,13.900000000000006,27.0,36.0,9.0,0.75,6.135673110334049,0.0,0
829.0,350.21,75.3,42.24487334137515,-33.05512665862485,24.700000000000003,50.0,52.0,2.0,0.9615384615384616,6.721425700790643,0.0,0
980.45,289.03,75.0,29.479320720077514,-45.52067927992249,25.0,42.0,50.0,8.0,0.84,6.889031069983857,0.0,0
277.0,226.36,80.8,81.71841155234657,0.9184115523465692,19.200000000000003,47.0,53.0,6.0,0.8867924528301887,5.627621113690637,0.0,0
768.0,180.91,54.1,23.555989583333332,-30.54401041666667,45.9,45.0,45.0,0.0,1.0,6.645090969505644,0.0,1
481.03,230.22,52.5,47.8598008440222,-4.640199155977797,47.5,38.0,39.0,1.0,0.9743589743589743,6.178006352777631,0.0,1
198.7,90.21,54.8,45.40010065425264,-9.399899345747357,45.2,30.0,32.0,2.0,0.9375,5.296816240421769,0.0,1
340.15,162.23,48.0,47.69366455975305,-0.30633544024694714,52.0,29.0,41.0,12.0,0.7073170731707317,5.832322263261433,0.0,0
3638.0,465.62,33.2,12.798790544255084,-20.40120945574492,66.8,39.0,87.0,48.0,0.4482758620689655,8.19946419761216,1.0,0
3919.0,503.73,30.0,12.853534064812452,-17.14646593518755,70.0,39.0,90.0,51.0,0.43333333333333335,8.273846932784508,1.0,0
557.04,7.8,2.2,1.4002585092632487,-0.7997414907367515,97.8,45.0,96.0,51.0,0.46875,6.324430644399907,0.0,0
885.63,944.4,86.7,106.63595406659665,19.93595406659665,13.299999999999997,55.0,67.0,12.0,0.8208955223880597,6.787427758869102,0.0,0
1487.41,940.5,63.0,63.23071648032486,0.23071648032485825,37.0,43.0,55.0,12.0,0.7818181818181819,7.305463715073923,1.0,0
837.34,415.09,64.4,49.572455633315016,-14.82754436668499,35.599999999999994,40.0,45.0,5.0,0.8888888888888888,6.731423746120393,0.0,0
538.0,4.32,0.6,0.8029739776951674,0.20297397769516745,99.4,48.0,120.0,72.0,0.4,6.289715570908998,0.0,1
364.0,65.73,42.9,18.057692307692307,-24.842307692307692,57.1,24.0,34.0,10.0,0.7058823529411765,5.8998973535824915,0.0,0
1130.0,250.7,34.1,22.1858407079646,-11.9141592920354,65.9,18.0,47.0,29.0,0.3829787234042553,7.030857476116121,1.0,0
4460.0,802.13,28.5,17.984977578475338,-10.515022421524662,71.5,27.0,46.0,19.0,0.5869565217391305,8.403128235128264,1.0,0
1792.0,468.1,61.4,26.12165178571429,-35.278348214285714,38.6,22.0,32.0,10.0,0.6875,7.491645473605133,1.0,0
43367.0,4552.5,23.3,10.497613392671848,-12.802386607328152,76.7,34.0,60.0,26.0,0.5666666666666667,10.677477120940175,1.0,0
4679.0,252.41,9.9,5.394528745458431,-4.505471254541569,90.1,15.0,39.0,24.0,0.38461538461538464,8.451053388911692,1.0,0
240.0,139.9,80.4,58.291666666666664,-22.10833333333334,19.599999999999994,21.0,22.0,1.0,0.9545454545454546,5.484796933490655,0.0,1
865.0,78.67,3.4,9.094797687861272,5.694797687861271,96.6,48.0,114.0,66.0,0.42105263157894735,6.763884908562435,0.0,0
341.43,301.94,70.1,88.43393960694725,18.333939606947254,29.900000000000006,47.0,52.0,5.0,0.9038461538461539,5.836067257251887,0.0,0
2585.0,1205.5,79.1,46.63442940038684,-32.46557059961315,20.900000000000006,34.0,36.0,2.0,0.9444444444444444,7.857867559331803,1.0,0
2212.0,481.17,31.2,21.75271247739602,-9.447287522603979,68.8,18.0,36.0,18.0,0.5,7.70210434005105,1.0,0
680.0,7.64,23.0,1.1235294117647059,-21.876470588235293,77.0,15.0,60.0,45.0,0.25,6.523562306149512,0.0,0
1377.0,365.39,35.6,26.535221496005807,-9.064778503994194,64.4,45.0,96.0,51.0,0.46875,7.228388451573604,1.0,0
521.9,288.9,45.6,55.355432075110166,9.755432075110164,54.4,32.0,36.0,4.0,0.8888888888888888,6.259390241194085,0.0,0
5535.0,4224.31,47.0,76.31996386630534,29.319963866305343,53.0,242.0,305.0,63.0,0.7934426229508197,8.619027497297505,1.0,0
227.62,25.76,40.1,11.317107459801425,-28.782892540198574,59.9,31.0,51.0,20.0,0.6078431372549019,5.432061236597632,0.0,0
514.91,22.08,5.9,4.288128022372842,-1.6118719776271586,94.1,49.0,96.0,47.0,0.5104166666666666,6.245932331664218,0.0,1
393.54,214.0,76.7,54.37820806017177,-22.32179193982823,23.299999999999997,59.0,59.0,0.0,1.0,5.9777205293157225,0.0,1
2329.45,1613.16,86.4,69.25068149133917,-17.14931850866084,13.599999999999994,45.0,47.0,2.0,0.9574468085106383,7.7538166609591705,1.0,0
6183.79,1555.0,36.4,25.146390805638614,-11.253609194361385,63.6,34.0,47.0,13.0,0.723404255319149,8.7298483311378,1.0,0
151.0,8.89,2.0,5.887417218543047,3.887417218543047,98.0,48.0,138.0,90.0,0.34782608695652173,5.0238805208462765,0.0,0
3685.0,280.64,25.3,7.6157394843962,-17.6842605156038,74.7,39.0,87.0,48.0,0.4482758620689655,8.212297138229768,1.0,0
260.12,19.19,52.2,7.377364293403045,-44.822635706596955,47.8,47.0,62.0,15.0,0.7580645161290323,5.564980071775742,0.0,0
16654.0,697.88,17.6,4.190464753212442,-13.40953524678756,82.4,39.0,90.0,51.0,0.43333333333333335,9.72046575062778,1.0,0
267.0,1.77,10.3,0.6629213483146068,-9.637078651685394,89.7,18.0,54.0,36.0,0.3333333333333333,5.5909869805108565,0.0,0
2628.0,567.65,35.4,21.600076103500758,-13.79992389649924,64.6,45.0,96.0,51.0,0.46875,7.874358824729881,1.0,0
609.0,62.42,2.8,10.2495894909688,7.4495894909688,97.2,48.0,111.0,63.0,0.43243243243243246,6.413458957167357,0.0,0
1017.0,224.72,43.5,22.09636184857424,-21.40363815142576,56.5,39.0,87.0,48.0,0.4482758620689655,6.925595197110468,1.0,0
1195.0,775.6,93.7,64.90376569037657,-28.79623430962343,6.299999999999997,86.0,86.0,0.0,1.0,7.086737934510577,1.0,0
1299.0,651.42,57.2,50.147806004618936,-7.052193995381067,42.8,85.0,94.0,9.0,0.9042553191489362,7.170119543449628,1.0,0
1028.0,989.98,87.07,96.30155642023347,9.231556420233474,12.930000000000007,87.0,90.0,3.0,0.9666666666666667,6.9363427358340495,1.0,0
558.12,55.81,20.0,9.999641654124561,-10.000358345875439,80.0,45.0,45.0,0.0,1.0,6.326364119168874,0.0,1
278.0,68.23,23.0,24.5431654676259,1.5431654676259008,77.0,133.0,143.0,10.0,0.9300699300699301,5.631211781821365,0.0,1
693.0,58.0,11.0,8.369408369408369,-2.6305916305916313,89.0,79.0,82.0,3.0,0.9634146341463414,6.542471960506805,0.0,1
4243.64,1428.0,48.6,33.65035676918871,-14.94964323081129,51.4,41.0,53.0,12.0,0.7735849056603774,8.353412289495536,1.0,1
900.0,65.0,0.0,7.222222222222221,7.222222222222221,100.0,64.0,72.0,8.0,0.8888888888888888,6.803505257608338,0.0,0
3004.63,2060.12,67.0,68.56484825086616,1.564848250866163,33.0,46.0,67.0,21.0,0.6865671641791045,8.008242475578058,1.0,1
1700.0,253.33,15.93,14.901764705882353,-1.0282352941176462,84.07,55.0,88.0,33.0,0.625,7.438971592395862,1.0,0
260.37,89.76,42.13,34.47401774397972,-7.65598225602028,57.87,24.0,27.0,3.0,0.8888888888888888,5.565937027962764,0.0,1
916.78,190.28,32.82,20.75525207792491,-12.064747922075089,67.18,30.0,39.0,9.0,0.7692307692307693,6.821957710483379,0.0,1
758.09,213.61,34.02,28.17739318550568,-5.842606814494324,65.97999999999999,18.0,21.0,3.0,0.8571428571428571,6.632120347441023,0.0,1
2312.0,3016.32,55.0,130.46366782006922,75.46366782006922,45.0,168.0,182.0,14.0,0.9230769230769231,7.746300662231439,1.0,1
351.83,320.5,3.02,91.09513117130432,88.07513117130432,96.98,36.0,48.0,12.0,0.75,5.865986354531055,0.0,0
2501.0,1417.27,30.0,56.668132746901236,26.668132746901236,70.0,204.0,228.0,24.0,0.8947368421052632,7.824845691026856,1.0,0
4060.0,3803.16,93.29,93.67389162561575,0.3838916256157461,6.709999999999994,114.0,114.0,0.0,1.0,8.309184527686298,1.0,0
588.18,2.01,0.1,0.34173212281954507,0.24173212281954506,99.9,36.0,60.0,24.0,0.6,6.378731739681057,0.0,1
1376.0,224.23,26.0,16.29578488372093,-9.70421511627907,74.0,45.0,96.0,51.0,0.46875,7.227662498728654,1.0,0
177.03,4.68,15.0,2.643619725470259,-12.35638027452974,85.0,42.0,52.0,10.0,0.8076923076923077,5.181952075416771,0.0,1
177.34,1.91,7.0,1.0770271794293447,-5.9229728205706555,93.0,42.0,53.0,11.0,0.7924528301886793,5.183691840706733,0.0,0
169.06,21.65,64.0,12.806104341653848,-51.19389565834615,36.0,42.0,50.0,8.0,0.84,5.136151315957647,0.0,0
328.34,74.77,32.0,22.772126454285193,-9.227873545714807,68.0,42.0,52.0,10.0,0.8076923076923077,5.797090651789853,0.0,0
167.64,3.77,8.0,2.2488666189453594,-5.751133381054641,92.0,42.0,51.0,9.0,0.8235294117647058,5.127766265352998,0.0,0
410.26,10.04,5.0,2.447228586749866,-2.552771413250134,95.0,37.0,59.0,22.0,0.6271186440677966,6.0192256178933725,0.0,0
307.11,14.2,17.0,4.623750447722315,-12.376249552277685,83.0,46.0,96.0,50.0,0.4791666666666667,5.730456862070388,0.0,0
670.17,45.21,12.0,6.746049509825866,-5.253950490174134,88.0,37.0,85.0,48.0,0.43529411764705883,6.509022458087351,0.0,0
350.0,71.05,31.0,20.299999999999997,-10.700000000000003,69.0,46.0,94.0,48.0,0.48936170212765956,5.860786223465865,0.0,0
1430.0,407.94,35.0,28.527272727272727,-6.472727272727273,65.0,31.0,40.0,9.0,0.775,7.266128779556451,1.0,1
961.67,496.02,21.0,51.579023989518234,30.579023989518234,79.0,37.0,49.0,12.0,0.7551020408163265,6.869710673942491,0.0,1
1080.58,916.33,81.0,84.79982972107572,3.7998297210757244,19.0,53.0,60.0,7.0,0.8833333333333333,6.986178213993476,1.0,0
461.91,178.78,8.0,38.70450953648979,30.704509536489788,92.0,46.0,97.0,51.0,0.4742268041237113,6.137532650741885,0.0,0
437.21,116.06,21.0,26.545595937878826,5.545595937878826,79.0,41.0,68.0,27.0,0.6029411764705882,6.082698247530828,0.0,0
471.0,250.47,72.0,53.17834394904458,-18.82165605095542,28.0,37.0,60.0,23.0,0.6166666666666667,6.156978985585555,0.0,0
686.0,621.98,66.0,90.66763848396502,24.66763848396502,34.0,98.0,98.0,0.0,1.0,6.532334292222349,0.0,0
473.0,302.69,5.0,63.99365750528542,58.99365750528542,95.0,55.0,58.0,3.0,0.9482758620689655,6.161207321695077,0.0,1
349.22,119.69,71.2,34.273523853158466,-36.92647614684154,28.799999999999997,40.0,60.0,20.0,0.6666666666666666,5.858561528443754,0.0,0
749.0,0.94,0.3,0.1255006675567423,-0.1744993324432577,99.7,84.0,109.0,25.0,0.7706422018348624,6.620073206530356,0.0,0
2842.0,1513.54,34.0,53.256157635467986,19.256157635467986,66.0,155.0,167.0,12.0,0.9281437125748503,7.952615111651,1.0,1
1378.0,783.19,35.8,56.835268505079824,21.035268505079827,64.2,149.0,161.0,12.0,0.9254658385093167,7.229113877793302,1.0,0
1454.0,87.13,13.0,5.992434662998624,-7.007565337001376,87.0,78.0,99.0,21.0,0.7878787878787878,7.282761179605593,1.0,1
15767.0,3182.59,19.85,20.18513350669119,0.33513350669118935,80.15,65.0,74.0,9.0,0.8783783783783784,9.665737848832556,1.0,1
1591.0,0.38,0.0,0.023884349465744813,0.023884349465744813,100.0,66.0,87.0,21.0,0.7586206896551724,7.3727463664043285,1.0,1
813.0,101.22,30.0,12.450184501845019,-17.54981549815498,70.0,35.0,47.0,12.0,0.7446808510638298,6.70196036600254,0.0,0
601.0,300.61,24.5,50.018302828618964,25.518302828618964,75.5,35.0,59.0,24.0,0.5932203389830508,6.400257445308821,0.0,0
8914.0,6777.67,74.0,76.03399147408571,2.0339914740857097,26.0,230.0,242.0,12.0,0.9504132231404959,9.09549053029724,1.0,1
500.0,563.03,86.0,112.60599999999998,26.60599999999998,14.0,124.0,124.0,0.0,1.0,6.2166061010848646,0.0,0
7474.0,2529.03,35.0,33.83770404067434,-1.162295959325661,65.0,79.0,133.0,54.0,0.5939849624060151,8.919319398258887,1.0,0
1095.88,1284.91,94.0,117.24915136693798,23.24915136693798,6.0,53.0,72.0,19.0,0.7361111111111112,7.0002250650484,1.0,0
492.76,480.92,25.0,97.59720756554916,72.59720756554916,75.0,86.0,95.0,9.0,0.9052631578947369,6.202049569174796,0.0,1
2538.67,5133.5,98.0,202.21218196929888,104.21218196929888,2.0,326.0,326.0,0.0,1.0,7.8397894303122415,1.0,0
138.48,951.07,60.0,686.7923165800116,626.7923165800116,40.0,120.0,132.0,12.0,0.9090909090909091,4.93792122180745,0.0,0
1886.0,776.21,65.0,41.15641569459173,-23.84358430540827,35.0,106.0,118.0,12.0,0.8983050847457628,7.54274354536855,1.0,0
792.89,1033.38,71.0,130.33081511937345,59.330815119373455,29.0,126.0,135.0,9.0,0.9333333333333333,6.676944912606895,0.0,0
904.92,1214.94,12.0,134.25938204482165,122.25938204482165,88.0,91.0,103.0,12.0,0.883495145631068,6.808951001923535,0.0,1
33690.0,3485.59,22.0,10.346067082220243,-11.653932917779757,78.0,83.0,104.0,21.0,0.7980769230769231,10.424986018358423,1.0,0
14323.0,,72.1,,,27.900000000000006,156.0,165.0,9.0,0.9454545454545454,9.569691731118324,1.0,1
297.0,145.78,21.0,49.08417508417509,28.084175084175087,79.0,167.0,170.0,3.0,0.9823529411764705,5.697093486505405,0.0,0
2555.0,1108.34,61.6,43.37925636007827,-18.22074363992173,38.4,144.0,168.0,24.0,0.8571428571428571,7.846198815497425,1.0,0
380.47,248.51,20.0,65.31658212211212,45.31658212211212,80.0,46.0,58.0,12.0,0.7931034482758621,5.944032210673093,0.0,1
942.64,536.69,64.0,56.934778918781305,-7.065221081218695,36.0,43.0,48.0,5.0,0.8958333333333334,6.849744737478631,0.0,1
108000.0,,59.1,,,40.9,132.0,149.0,17.0,0.8859060402684564,11.58989576532275,1.0,1
5060.0,5299.33,86.13,104.7298418972332,18.599841897233205,13.870000000000005,192.0,204.0,12.0,0.9411764705882353,8.529319371214077,1.0,1
456.07,4006.93,53.0,878.577849891464,825.577849891464,47.0,165.0,176.0,11.0,0.9375,6.12483655203096,0.0,0
2798.0,2321.81,30.0,82.98105789849892,52.98105789849892,70.0,44.0,96.0,52.0,0.4583333333333333,7.937017489515454,1.0,0
1540.0,578.99,42.0,37.596753246753245,-4.403246753246755,58.0,97.0,106.0,9.0,0.9150943396226415,7.340186835320115,1.0,0
352.0,306.87,75.0,87.17897727272728,12.17897727272728,25.0,37.0,52.0,15.0,0.7115384615384616,5.8664680569332965,0.0,0
13447.0,7556.6,63.0,56.1954339257827,-6.804566074217298,37.0,204.0,213.0,9.0,0.9577464788732394,9.506585675088452,1.0,1
1656.25,4606.71,83.0,278.14098113207547,195.14098113207547,17.0,215.0,227.0,12.0,0.947136563876652,7.412914881121501,1.0,1
2449.91,2086.49,55.0,85.16598568927022,30.165985689270215,45.0,114.0,126.0,12.0,0.9047619047619048,7.804214663147685,1.0,1
495.0,238.2,61.0,48.12121212121212,-12.878787878787882,39.0,107.0,107.0,0.0,1.0,6.206575926724928,0.0,1
4330.0,2760.45,67.0,63.75173210161662,-3.248267898383382,33.0,96.0,96.0,0.0,1.0,8.373553741214627,1.0,0
713.0,633.24,80.0,88.81346423562412,8.813464235624124,20.0,212.0,224.0,12.0,0.9464285714285714,6.570882962339584,0.0,1
461.64,238.93,20.5,51.75678017502816,31.25678017502816,79.5,103.0,115.0,12.0,0.8956521739130435,6.136949213849963,0.0,0
297.0,224.43,52.0,75.56565656565657,23.565656565656568,48.0,146.0,155.0,9.0,0.9419354838709677,5.697093486505405,0.0,0
3792.0,5585.85,91.5,147.30617088607596,55.80617088607596,8.5,384.0,393.0,9.0,0.9770992366412213,8.2409125416889,1.0,0
2362.0,1932.52,73.4,81.81710414902625,8.417104149026244,26.599999999999994,123.0,144.0,21.0,0.8541666666666666,7.767687277186908,1.0,1
1173.0,2098.98,87.0,178.94117647058826,91.94117647058826,13.0,152.0,152.0,0.0,1.0,7.068172000388042,1.0,0
2344.0,549.72,23.1,23.45221843003413,0.352218430034128,76.9,97.0,185.0,88.0,0.5243243243243243,7.76004068088038,1.0,0
190.0,0.0,0.0,0.0,0.0,100.0,42.0,60.0,18.0,0.7,5.25227342804663,0.0,0
968.92,275.74,56.0,28.45848986500434,-27.54151013499566,44.0,38.0,65.0,27.0,0.5846153846153846,6.877213593869438,0.0,0
819.48,397.28,99.5,48.479523600331916,-51.020476399668084,0.5,83.0,91.0,8.0,0.9120879120879121,6.709889534852196,0.0,0
1390.0,428.26,65.0,30.810071942446044,-34.189928057553956,35.0,45.0,60.0,15.0,0.75,7.237778191923443,1.0,0
304.0,69.33,72.0,22.80592105263158,-49.194078947368425,28.0,39.0,39.0,0.0,1.0,5.720311776607412,0.0,1
521.36,491.37,87.35,94.24773668866042,6.89773668866043,12.650000000000006,116.0,125.0,9.0,0.928,6.258357005352207,0.0,0
1160.0,2964.82,72.0,255.58793103448275,183.58793103448275,28.0,116.0,128.0,12.0,0.90625,7.057036981697891,1.0,1
4939.78,971.79,8.8,19.672738462036772,10.872738462036772,91.2,89.0,144.0,55.0,0.6180555555555556,8.505278492454748,1.0,0
1319.75,482.55,3.9,36.56374313316916,32.66374313316916,96.1,79.0,115.0,36.0,0.6869565217391305,7.185955036044425,1.0,0
494.0,376.99,76.0,76.31376518218623,0.3137651821862306,24.0,83.0,83.0,0.0,1.0,6.20455776256869,0.0,0
2649.0,1836.67,69.0,69.3344658361646,0.3344658361645969,31.0,123.0,132.0,9.0,0.9318181818181818,7.882314918980268,1.0,1
1457.0,400.19,14.0,27.46671242278655,13.46671242278655,86.0,71.0,78.0,7.0,0.9102564102564102,7.284820912568604,1.0,1
1000.0,1060.84,70.5,106.084,35.584,29.5,128.0,139.0,11.0,0.920863309352518,6.90875477931522,1.0,1
1209.0,449.29,16.0,37.162117452440036,21.162117452440036,84.0,183.0,195.0,12.0,0.9384615384615385,7.098375638590786,1.0,0
4835.0,4931.47,51.0,101.9952430196484,50.9952430196484,49.0,192.0,201.0,9.0,0.9552238805970149,8.483843211734683,1.0,1
4830.0,3258.95,32.0,67.47308488612836,35.47308488612836,68.0,184.0,189.0,5.0,0.9735449735449735,8.482808764554406,1.0,1
2298.0,393.02,17.0,17.102697998259355,0.10269799825935522,83.0,192.0,201.0,9.0,0.9552238805970149,7.740229524763182,1.0,1
159.66,59.26,100.0,37.11637229111863,-62.88362770888137,0.0,36.0,36.0,0.0,1.0,5.079290330745667,0.0,0
292.63,0.0,82.57,0.0,-82.57,17.430000000000007,36.0,45.0,9.0,0.8,5.682320471356869,0.0,0
691.81,0.0,40.49,0.0,-40.49,59.51,17.0,35.0,18.0,0.4857142857142857,6.540755791324192,0.0,0
776.17,0.0,16.4,0.0,-16.4,83.6,17.0,33.0,16.0,0.5151515151515151,6.6556591166553485,0.0,0
808.7,0.0,9.41,0.0,-9.41,90.59,17.0,34.0,17.0,0.5,6.696663808692069,0.0,0
1019.97,0.0,17.53,0.0,-17.53,82.47,17.0,34.0,17.0,0.5,6.928508434775093,1.0,0
881.61,0.0,25.09,0.0,-25.09,74.91,17.0,30.0,13.0,0.5666666666666667,6.782883426932149,0.0,0
279.29,155.02,88.25,55.50503061334096,-32.74496938665904,11.75,48.0,49.0,1.0,0.9795918367346939,5.635824781472974,0.0,0
368.63,37.37,22.55,10.137536282993787,-12.412463717006213,77.45,26.0,35.0,9.0,0.7428571428571429,5.912502505304687,0.0,0
244.43,11.67,13.0,4.774373031133658,-8.225626968866342,87.0,36.0,40.0,4.0,0.9,5.503011774193717,0.0,1
6808.69,3214.27,66.05,47.20834698010925,-18.84165301989075,33.95,98.0,104.0,6.0,0.9423076923076923,8.826101876815216,1.0,1
257.98,37.1,31.0,14.380959764322816,-16.619040235677183,69.0,20.0,32.0,12.0,0.625,5.556750838640694,0.0,0
326.61,5.34,5.58,1.6349774960962615,-3.9450225039037385,94.42,12.0,31.0,19.0,0.3870967741935484,5.79182387654356,0.0,0
992.91,279.56,70.86,28.155623369691114,-42.704376630308886,29.14,39.0,39.0,0.0,1.0,6.901646659297728,0.0,1
750.81,203.15,80.81,27.057444626470083,-53.752555373529916,19.189999999999998,38.0,38.0,0.0,1.0,6.622483632451564,0.0,1
1092.18,118.58,33.28,10.857184713142521,-22.422815286857478,66.72,37.0,48.0,11.0,0.7708333333333334,6.996846158972545,1.0,0
987.1,296.63,63.57,30.050653429237155,-33.51934657076285,36.43,37.0,37.0,0.0,1.0,6.895783907200917,0.0,1
977.33,0.0,0.0,0.0,0.0,100.0,15.0,38.0,23.0,0.39473684210526316,6.885847036433257,0.0,0
1346.82,128.38,34.35,9.532082980650717,-24.817917019349284,65.65,24.0,33.0,9.0,0.7272727272727273,7.206243751398904,1.0,0
1418.67,0.0,1.7,0.0,-1.7,98.3,25.0,53.0,28.0,0.4716981132075472,7.258179729221355,1.0,0
275.5,0.0,49.1,0.0,-49.1,50.9,25.0,35.0,10.0,0.7142857142857143,5.6222108209623896,0.0,0
625.61,0.0,21.02,0.0,-21.02,78.98,27.0,47.0,20.0,0.574468085106383,6.440324337535335,0.0,0
898.19,0.0,34.88,0.0,-34.88,65.12,26.0,42.0,16.0,0.6190476190476191,6.801494358081147,0.0,0
353.9,0.0,17.81,0.0,-17.81,82.19,67.0,88.0,21.0,0.7613636363636364,5.871836059652451,0.0,0
421.15,0.0,17.1,0.0,-17.1,82.9,24.0,31.0,7.0,0.7741935483870968,6.045360701115509,0.0,0
173.65,8.07,20.0,4.6472790095018714,-15.352720990498128,80.0,36.0,41.0,5.0,0.8780487804878049,5.162783971252841,0.0,0
382.1,19.65,0.0,5.142632818633865,5.142632818633865,100.0,25.0,37.0,12.0,0.6756756756756757,5.9482960517066035,0.0,0
1019.17,0.0,0.0,0.0,0.0,100.0,12.0,33.0,21.0,0.36363636363636365,6.927724559057638,1.0,0
1264.9,469.24,56.65,37.09700371570875,-19.552996284291247,43.35,36.0,39.0,3.0,0.9230769230769231,7.143538610642783,1.0,1
1000.27,416.11,50.1,41.59976806262309,-8.50023193737691,49.9,36.0,39.0,3.0,0.9230769230769231,6.909024473214282,1.0,1
1457.59,793.68,77.0,54.451526149328686,-22.548473850671314,23.0,36.0,45.0,9.0,0.8,7.285225494637422,1.0,0
1338.61,0.0,12.45,0.0,-12.45,87.55,28.0,43.0,15.0,0.6511627906976745,7.200133805807087,1.0,0
1081.15,0.0,25.08,0.0,-25.08,74.92,25.0,42.0,17.0,0.5952380952380952,6.9867050819605385,1.0,0
676.18,0.0,57.17,0.0,-57.17,42.83,36.0,47.0,11.0,0.7659574468085106,6.517937116450151,0.0,0
1319.55,0.0,14.6,0.0,-14.6,85.4,25.0,42.0,17.0,0.5952380952380952,7.185803595465632,1.0,0
791.79,0.06,33.22,0.007577766832114576,-33.212422233167885,66.78,25.0,36.0,11.0,0.6944444444444444,6.6755583694145315,0.0,0
870.0,0.0,31.34,0.0,-31.34,68.66,24.0,36.0,12.0,0.6666666666666666,6.769641976852503,0.0,0
1258.13,0.0,10.91,0.0,-10.91,89.09,25.0,44.0,19.0,0.5681818181818182,7.138176285266576,1.0,0
1181.55,0.0,0.0,0.0,0.0,100.0,24.0,42.0,18.0,0.5714285714285714,7.075428402770272,1.0,0
1716.21,918.32,79.34,53.50860325950787,-25.83139674049213,20.659999999999997,36.0,41.0,5.0,0.8780487804878049,7.448456159766946,1.0,0
1256.9,550.91,55.46,43.8308536876442,-11.6291463123558,44.54,37.0,41.0,4.0,0.9024390243902439,7.137198942844827,1.0,0
957.95,149.51,36.56,15.607286392817995,-20.952713607182005,63.44,26.0,48.0,22.0,0.5416666666666666,6.865838935880846,0.0,0
846.82,0.0,85.29,0.0,-85.29,14.709999999999994,27.0,27.0,0.0,1.0,6.742668349109737,0.0,1
613.89,260.02,77.66,42.35612243235759,-35.30387756764241,22.340000000000003,48.0,56.0,8.0,0.8571428571428571,6.421443390020222,0.0,0
4997.04,2808.4,73.81,56.201271152522295,-17.608728847477707,26.189999999999998,82.0,112.0,30.0,0.7321428571428571,8.516801114564153,1.0,0
5729.47,2.25,0.0,0.03927064807041489,0.03927064807041489,100.0,19.0,65.0,46.0,0.2923076923076923,8.653552830777775,1.0,0
574.26,316.32,71.09,55.08306342075018,-16.006936579249825,28.909999999999997,37.0,42.0,5.0,0.8809523809523809,6.354822112510577,0.0,0
201.08,0.01,52.0,0.004973145016908692,-51.99502685498309,48.0,36.0,40.0,4.0,0.9,5.308663658602181,0.0,0
179.86,0.0,0.05,0.0,-0.05,99.95,49.0,53.0,4.0,0.9245283018867925,5.197723251312334,0.0,1
1060.16,0.0,0.0,0.0,0.0,100.0,42.0,64.0,22.0,0.65625,6.967117928375644,1.0,0
479.37,0.0,55.0,0.0,-55.0,45.0,40.0,49.0,9.0,0.8163265306122449,6.17455664029584,0.0,0
495.16,0.0,32.0,0.0,-32.0,68.0,50.0,51.0,1.0,0.9803921568627451,6.206898455352139,0.0,1
1110.23,0.0,48.74,0.0,-48.74,51.26,68.0,82.0,14.0,0.8292682926829268,7.013222788915872,1.0,0
3064.45,0.0,10.24,0.0,-10.24,89.76,26.0,46.0,20.0,0.5652173913043478,8.027949656516796,1.0,1
1661.25,0.0,5.03,0.0,-5.03,94.97,36.0,60.0,24.0,0.6,7.415927385282564,1.0,0
1915.99,0.87,7.13,0.04540733511135236,-7.084592664888648,92.87,36.0,54.0,18.0,0.6666666666666666,7.5585115265479486,1.0,0
1240.93,32.81,11.68,2.6439847533704564,-9.036015246629542,88.32,36.0,55.0,19.0,0.6545454545454545,7.124421900196565,1.0,0
1576.94,18.69,10.8,1.1852067929027104,-9.614793207097291,89.2,36.0,55.0,19.0,0.6545454545454545,7.363875477869246,1.0,0
6291.69,501.89,17.09,7.977030018961519,-9.112969981038482,82.91,42.0,60.0,18.0,0.7,8.747143921229823,1.0,1
226.32,0.49,7.52,0.2165075998586073,-7.303492400141392,92.48,12.0,25.0,13.0,0.48,5.426358716428921,0.0,0
470.5,177.55,65.23,37.736450584484594,-27.49354941551541,34.769999999999996,25.0,30.0,5.0,0.8333333333333334,6.155919102073512,0.0,0
4432.97,1227.02,52.48,27.679411320175863,-24.800588679824134,47.52,41.0,47.0,6.0,0.8723404255319149,8.397050624253504,1.0,1
1431.36,98.48,10.07,6.880169908338924,-3.1898300916610767,89.93,43.0,51.0,8.0,0.8431372549019608,7.2670787125737935,1.0,1
1473.2,550.3,11.5,37.354059190876995,25.854059190876995,88.5,43.0,59.0,16.0,0.7288135593220338,7.295870748755188,1.0,0
498.97,3.19,17.12,0.6393169930055915,-16.48068300699441,82.88,25.0,38.0,13.0,0.6578947368421053,6.21454809662212,0.0,0
2185.75,373.6,24.57,17.09253116779138,-7.477468832208622,75.43,48.0,48.0,0.0,1.0,7.690171702299964,1.0,1
161.96,0.0,32.0,0.0,-32.0,68.0,26.0,39.0,13.0,0.6666666666666666,5.093504771918551,0.0,0
322.4,1.1,48.0,0.34119106699751867,-47.65880893300248,52.0,39.0,51.0,12.0,0.7647058823529411,5.778889947143006,0.0,0
199.05,15.65,28.87,7.862346144184879,-21.00765385581512,71.13,48.0,55.0,7.0,0.8727272727272727,5.298567335303244,0.0,0
397.44,18.97,10.22,4.773047504025764,-5.446952495974236,89.78,48.0,62.0,14.0,0.7741935483870968,5.987556922276965,0.0,0
2261.3,830.23,70.22,36.714721620306904,-33.505278379693095,29.78,48.0,53.0,5.0,0.9056603773584906,7.724137273876711,1.0,0
641.46,0.0,79.3,0.0,-79.3,20.700000000000003,35.0,36.0,1.0,0.9722222222222222,6.465304558022001,0.0,1
463.08,79.19,38.49,17.10071693875788,-21.38928306124212,61.51,26.0,30.0,4.0,0.8666666666666667,6.140056951157809,0.0,0
246.6,0.0,35.0,0.0,-35.0,65.0,41.0,51.0,10.0,0.803921568627451,5.511814540810441,0.0,0
1295.39,0.0,22.0,0.0,-22.0,78.0,24.0,47.0,23.0,0.5106382978723404,7.167338757569021,1.0,0
398.4,0.0,28.0,0.0,-28.0,72.0,24.0,41.0,17.0,0.5853658536585366,5.989963420981715,0.0,0
699.19,0.0,22.0,0.0,-22.0,78.0,24.0,42.0,18.0,0.5714285714285714,6.551351726784763,0.0,0
151.13,0.0,97.0,0.0,-97.0,3.0,48.0,48.0,0.0,1.0,5.0247354184750375,0.0,1
530.2,58.29,77.0,10.993964541682383,-66.00603545831761,23.0,36.0,39.0,3.0,0.9230769230769231,6.275138598162224,0.0,0
1155.21,1.52,5.0,0.13157780836384725,-4.868422191636153,95.0,25.0,52.0,27.0,0.4807692307692308,7.052902693633634,1.0,0
3834.24,197.13,4.85,5.141305708562845,0.2913057085628452,95.15,32.0,32.0,0.0,1.0,8.251987293329528,1.0,1
907.39,240.75,45.97,26.53214163700283,-19.43785836299717,54.03,24.0,34.0,10.0,0.7058823529411765,6.811673801804452,0.0,0
625.58,76.16,21.9,12.174302247514305,-9.725697752485694,78.1,24.0,35.0,11.0,0.6857142857142857,6.440276459719512,0.0,0
764.02,7.28,0.68,0.9528546373131594,0.2728546373131594,99.32,36.0,56.0,20.0,0.6428571428571429,6.639901977275643,0.0,0
401.74,66.69,40.53,16.600288743963755,-23.929711256036246,59.47,22.0,36.0,14.0,0.6111111111111112,5.998291192450259,0.0,0
230.55,15.16,23.24,6.575580134461072,-16.664419865538925,76.76,60.0,63.0,3.0,0.9523809523809523,5.444795832926761,0.0,0
314.67,76.97,60.02,24.4605459687927,-35.5594540312073,39.98,60.0,62.0,2.0,0.967741935483871,5.754697364124307,0.0,0
251.62,74.12,55.18,29.45711787616247,-25.72288212383753,44.82,67.0,69.0,2.0,0.9710144927536232,5.531886383345829,0.0,1
930.86,338.46,88.04,36.35992523043207,-51.68007476956794,11.959999999999994,45.0,53.0,8.0,0.8490566037735849,6.837182588809974,0.0,0
1113.02,308.94,26.39,27.756913622396723,1.3669136223967229,73.61,37.0,55.0,18.0,0.6727272727272727,7.015730373647435,1.0,0
1244.43,59.37,16.67,4.770858947469925,-11.899141052530076,83.33,26.0,40.0,14.0,0.65,7.127236130794443,1.0,1
1703.48,924.82,52.57,54.29004156197901,1.7200415619790093,47.43,48.0,49.0,1.0,0.9795918367346939,7.441015357862887,1.0,0
961.0,388.13,46.48,40.38813735691987,-6.091862643080127,53.52,40.0,43.0,3.0,0.9302325581395349,6.8690144506657065,0.0,1
295.06,131.8,62.0,44.668880905578526,-17.331119094421474,38.0,24.0,29.0,5.0,0.8275862068965517,5.6905621364853465,0.0,0
255.73,0.0,6.5,0.0,-6.5,93.5,36.0,50.0,14.0,0.72,5.5480249489877975,0.0,0
687.77,21.7,8.61,3.1551245329107114,-5.454875467089288,91.39,14.0,38.0,24.0,0.3684210526315789,6.534907398158049,0.0,0
1325.8,12.69,0.0,0.9571579423744154,0.9571579423744154,100.0,19.0,42.0,23.0,0.4523809523809524,7.190525307072897,1.0,0
936.26,210.52,40.82,22.485207100591715,-18.334792899408285,59.18,24.0,36.0,12.0,0.6666666666666666,6.842960725070973,0.0,0
303.53,0.73,0.0,0.24050340987711266,0.24050340987711266,100.0,14.0,35.0,21.0,0.4,5.718769604464449,0.0,0
1436.8,177.44,25.92,12.34966592427617,-13.570334075723832,74.08,36.0,43.0,7.0,0.8372093023255814,7.270869446549771,1.0,1
1274.82,1.69,0.0,0.13256773505279176,0.13256773505279176,100.0,25.0,47.0,22.0,0.5319148936170213,7.151344388123294,1.0,0
1565.47,0.12,4.0,0.007665429551508492,-3.9923345704484916,96.0,16.0,38.0,22.0,0.42105263157894735,7.356579959235356,1.0,1
235.42,0.0,5.0,0.0,-5.0,95.0,36.0,58.0,22.0,0.6206896551724138,5.465609884322231,0.0,0
204.42,0.0,0.0,0.0,0.0,100.0,40.0,50.0,10.0,0.8,5.325056663737659,0.0,0
471.62,80.08,64.33,16.979771850218395,-47.3502281497816,35.67,36.0,37.0,1.0,0.972972972972973,6.158291682943288,0.0,1
445.62,0.0,65.0,0.0,-65.0,35.0,37.0,37.0,0.0,1.0,6.101708121206741,0.0,0
333.96,37.36,20.0,11.186968499221464,-8.813031500778536,80.0,37.0,52.0,15.0,0.7115384615384616,5.814011121710887,0.0,0
617.28,4.47,32.53,0.7241446345256609,-31.80585536547434,67.47,36.0,46.0,10.0,0.782608695652174,6.426941429284118,0.0,0
196.05,0.0,30.0,0.0,-30.0,70.0,37.0,37.0,0.0,1.0,5.283457503641013,0.0,0
957.09,211.49,0.0,22.097190441860224,22.097190441860224,100.0,37.0,47.0,10.0,0.7872340425531915,6.864941719278488,0.0,0
394.95,0.0,0.0,0.0,0.0,100.0,39.0,56.0,17.0,0.6964285714285714,5.981287940656421,0.0,0
1246.15,197.97,44.02,15.886530513983066,-28.133469486016935,55.98,36.0,44.0,8.0,0.8181818181818182,7.128616227138795,1.0,0
1363.9,72.94,17.5,5.347899406114817,-12.152100593885184,82.5,26.0,39.0,13.0,0.6666666666666666,7.21883644486215,1.0,0
1427.88,400.24,41.0,28.03036669748158,-12.969633302518421,59.0,25.0,36.0,11.0,0.6944444444444444,7.264646199596228,1.0,0
626.01,42.5,24.06,6.789028929250332,-17.270971070749667,75.94,25.0,29.0,4.0,0.8620689655172413,6.4409624894690545,0.0,1
738.37,0.0,5.31,0.0,-5.31,94.69,16.0,38.0,22.0,0.42105263157894735,6.605798472241485,0.0,0
883.62,60.91,16.85,6.893234648378262,-9.95676535162174,83.15,37.0,50.0,13.0,0.74,6.785158174267498,0.0,0
909.86,2.9,4.28,0.3187303541204141,-3.961269645879586,95.72,37.0,58.0,21.0,0.6379310344827587,6.8143892081726785,0.0,0
1062.76,92.49,13.14,8.702811547291956,-4.437188452708044,86.86,37.0,50.0,13.0,0.74,6.969565080548451,1.0,0
1272.71,97.25,12.0,7.6411751302339095,-4.3588248697660905,88.0,38.0,51.0,13.0,0.7450980392156863,7.149689180707235,1.0,0
1141.88,176.76,31.07,15.479735173573403,-15.590264826426598,68.93,36.0,44.0,8.0,0.8181818181818182,7.041306671406662,1.0,0
1311.41,4.66,8.01,0.3553427227182956,-7.6546572772817045,91.99,25.0,43.0,18.0,0.5813953488372093,7.17962042068608,1.0,0
1452.43,126.2,28.5,8.68888689988502,-19.81111310011498,71.5,25.0,40.0,15.0,0.625,7.281681559224496,1.0,0
648.05,0.0,50.0,0.0,-50.0,50.0,24.0,35.0,11.0,0.6857142857142857,6.4755097553390035,0.0,0
425.97,0.0,19.31,0.0,-19.31,80.69,25.0,40.0,15.0,0.625,6.056713753149202,0.0,0
275.4,0.0,49.53,0.0,-49.53,50.47,36.0,38.0,2.0,0.9473684210526315,5.621849091893515,0.0,0
315.55,0.0,25.3,0.0,-25.3,74.7,36.0,44.0,8.0,0.8181818181818182,5.7574812069901355,0.0,0
492.12,0.0,87.5,0.0,-87.5,12.5,48.0,52.0,4.0,0.9230769230769231,6.200752552131751,0.0,0
467.93,0.0,86.03,0.0,-86.03,13.969999999999999,36.0,45.0,9.0,0.8,6.1504535035754895,0.0,0
492.66,0.0,62.99,0.0,-62.99,37.01,37.0,44.0,7.0,0.8409090909090909,6.201847021119578,0.0,0
348.06,0.0,68.27,0.0,-68.27,31.730000000000004,36.0,39.0,3.0,0.9230769230769231,5.8552438271966905,0.0,0
416.96,0.0,13.11,0.0,-13.11,86.89,36.0,45.0,9.0,0.8,6.03538573416591,0.0,0
998.95,15.92,0.0,1.593673357024876,1.593673357024876,100.0,12.0,34.0,22.0,0.35294117647058826,6.907705277732095,0.0,0
200.99,89.69,83.56,44.624110652271256,-38.93588934772875,16.439999999999998,24.0,29.0,5.0,0.8275862068965517,5.308218191225299,0.0,0
1032.3,5.99,10.16,0.5802576770318707,-9.57974232296813,89.84,17.0,37.0,20.0,0.4594594594594595,6.94051284322031,1.0,0
710.92,388.63,83.0,54.66578517976707,-28.33421482023293,17.0,43.0,48.0,5.0,0.8958333333333334,6.567965545548606,0.0,0
1005.59,44.1,15.02,4.385485138078144,-10.634514861921856,84.98,17.0,36.0,19.0,0.4722222222222222,6.914323659860169,1.0,0
618.33,3.77,3.94,0.6097067908721879,-3.330293209127812,96.06,12.0,33.0,21.0,0.36363636363636365,6.428638248559866,0.0,0
903.44,76.95,17.5,8.517444434605508,-8.982555565394492,82.5,17.0,37.0,20.0,0.4594594594594595,6.807315967643379,0.0,0
917.26,459.78,74.56,50.12537339467544,-24.43462660532456,25.439999999999998,40.0,40.0,0.0,1.0,6.8224805749209025,0.0,1
911.24,459.73,77.0,50.451033756200346,-26.548966243799654,23.0,42.0,42.0,0.0,1.0,6.815903113349103,0.0,1
612.94,326.81,76.1,53.31843247299899,-22.781567527001002,23.900000000000006,43.0,43.0,0.0,1.0,6.419897203502538,0.0,1
794.7,46.92,20.13,5.904114760286901,-14.225885239713097,79.87,17.0,36.0,19.0,0.4722222222222222,6.679222230383489,0.0,0
355.36,189.7,80.16,53.38248536695181,-26.777514633048185,19.840000000000003,31.0,32.0,1.0,0.96875,5.875941455852443,0.0,0
1534.7,180.48,6.12,11.75995308529354,5.6399530852935404,93.88,25.0,46.0,21.0,0.5434782608695652,7.336741582131647,1.0,0
1102.97,36.75,12.44,3.331912926008867,-9.108087073991133,87.56,24.0,41.0,17.0,0.5853658536585366,7.0066680525547795,1.0,0
784.14,284.02,40.22,36.2205728568878,-3.9994271431122,59.78,25.0,37.0,12.0,0.6756756756756757,6.665862045830061,0.0,0
1425.98,11.29,5.01,0.7917362094840039,-4.218263790515996,94.99,12.0,34.0,22.0,0.35294117647058826,7.2633156019616605,1.0,0
1123.17,53.31,15.01,4.74638745692994,-10.26361254307006,84.99,25.0,42.0,17.0,0.5952380952380952,7.024800264568783,1.0,0
1081.51,345.65,40.25,31.95994489186415,-8.29005510813585,59.75,38.0,38.0,0.0,1.0,6.9870376977092645,1.0,1
619.55,0.0,6.05,0.0,-6.05,93.95,24.0,43.0,19.0,0.5581395348837209,6.43060618157553,0.0,0
984.07,0.0,100.0,0.0,-100.0,0.0,37.0,42.0,5.0,0.8809523809523809,6.892712704636869,0.0,0
574.18,0.06,10.0,0.010449684767842837,-9.989550315232156,90.0,15.0,27.0,12.0,0.5555555555555556,6.354683035287725,0.0,0
354.21,0.0,47.19,0.0,-47.19,52.81,12.0,25.0,13.0,0.48,5.872709163874876,0.0,0
631.76,187.58,73.23,29.69165505888312,-43.53834494111688,26.769999999999996,24.0,38.0,14.0,0.631578947368421,6.450091203330379,0.0,0
533.76,0.0,55.21,0.0,-55.21,44.79,24.0,38.0,14.0,0.631578947368421,6.281818048114922,0.0,0
657.16,0.0,71.5,0.0,-71.5,28.5,24.0,38.0,14.0,0.631578947368421,6.489448062860675,0.0,0
183.41,64.87,95.0,35.36884575541138,-59.63115424458862,5.0,24.0,28.0,4.0,0.8571428571428571,5.217161539587027,0.0,0
386.16,30.86,53.2,7.991506111456391,-45.208493888543615,46.8,24.0,30.0,6.0,0.8,5.9588380442808875,0.0,0
164.13,98.68,100.0,60.12307317370378,-39.87692682629622,0.0,24.0,25.0,1.0,0.96,5.106733042474897,0.0,0
459.39,0.0,69.15,0.0,-69.15,30.849999999999994,37.0,43.0,6.0,0.8604651162790697,6.132073956368573,0.0,0
540.35,95.57,43.0,17.686684556306094,-25.313315443693906,57.0,24.0,38.0,14.0,0.631578947368421,6.294066019756907,0.0,0
349.57,0.0,37.4,0.0,-37.4,62.6,24.0,32.0,8.0,0.75,5.859560401227616,0.0,0
355.12,0.0,43.46,0.0,-43.46,56.54,24.0,30.0,6.0,0.8,5.87526775270547,0.0,0
761.83,0.0,15.0,0.0,-15.0,85.0,24.0,38.0,14.0,0.631578947368421,6.637035201741581,0.0,0
396.17,85.57,63.2,21.59931342605447,-41.60068657394554,36.8,24.0,28.0,4.0,0.8571428571428571,5.984364400617675,0.0,0
226.58,0.0,60.7,0.0,-60.7,39.3,24.0,31.0,7.0,0.7741935483870968,5.4275018249288625,0.0,0
723.13,0.0,44.67,0.0,-44.67,55.33,37.0,41.0,4.0,0.9024390243902439,6.5849709342781555,0.0,0
604.59,43.71,13.9,7.229692849699797,-6.670307150300204,86.1,14.0,17.0,3.0,0.8235294117647058,6.406203189437368,0.0,1
1038.84,603.39,80.13,58.08305417581149,-22.046945824188505,19.870000000000005,36.0,39.0,3.0,0.9230769230769231,6.946822134146038,1.0,0
856.93,88.54,30.2,10.332232504405262,-19.867767495594737,69.8,25.0,38.0,13.0,0.6578947368421053,6.754522511078133,0.0,1
254.78,99.89,76.0,39.20637412669754,-36.79362587330246,24.0,12.0,15.0,3.0,0.8,5.544317700005174,0.0,0
819.52,104.41,60.26,12.740384615384615,-47.519615384615385,39.74,27.0,34.0,7.0,0.7941176470588235,6.709938285613936,0.0,1
168.52,9.76,10.64,5.791597436506053,-4.848402563493948,89.36,14.0,24.0,10.0,0.5833333333333334,5.132970913960044,0.0,0
538.11,53.91,26.2,10.018397725372134,-16.181602274627863,73.8,12.0,27.0,15.0,0.4444444444444444,6.289919631719827,0.0,0
862.0,149.73,32.73,17.370069605568446,-15.35993039443155,67.27000000000001,17.0,30.0,13.0,0.5666666666666667,6.760414691083428,0.0,0
191.31,17.78,26.8,9.293816319063302,-17.5061836809367,73.2,13.0,29.0,16.0,0.4482758620689655,5.259108653322756,0.0,0
157.69,0.0,0.0,0.0,0.0,100.0,12.0,28.0,16.0,0.42857142857142855,5.066952613574751,0.0,0
268.98,0.0,52.66,0.0,-52.66,47.34,66.0,69.0,3.0,0.9565217391304348,5.598347882180681,0.0,0
228.97,33.76,41.99,14.74428964493165,-27.245710355068354,58.01,66.0,71.0,5.0,0.9295774647887324,5.43794886563323,0.0,0
164.89,125.76,23.56,76.26902783673965,52.70902783673965,76.44,36.0,39.0,3.0,0.9230769230769231,5.1113249181041835,0.0,1
554.66,201.52,22.55,36.332167453935746,13.782167453935745,77.45,36.0,45.0,9.0,0.8,6.320156596410232,0.0,0
564.05,72.58,14.08,12.867653576810568,-1.212346423189432,85.92,36.0,48.0,12.0,0.75,6.3369142228061595,0.0,1
195.14,0.0,76.18,0.0,-76.18,23.819999999999993,60.0,60.0,0.0,1.0,5.2788286899641745,0.0,1
177.76,1.41,0.97,0.7932043204320431,-0.17679567956795683,99.03,69.0,77.0,8.0,0.8961038961038961,5.18604412406525,0.0,0
578.98,249.29,79.5,43.05675498290096,-36.44324501709904,20.5,36.0,36.0,0.0,1.0,6.3629936201873,0.0,1
801.07,64.53,24.13,8.055475801116007,-16.074524198883992,75.87,36.0,54.0,18.0,0.6666666666666666,6.687195885853192,0.0,0
705.83,0.0,38.75,0.0,-38.75,61.25,36.0,48.0,12.0,0.75,6.5607901843665175,0.0,0
284.21,0.0,38.77,0.0,-38.77,61.23,68.0,76.0,8.0,0.8947368421052632,5.653225751039049,0.0,0
445.51,42.32,49.05,9.499225606608157,-39.55077439339184,50.95,68.0,69.0,1.0,0.9855072463768116,6.101461796482331,0.0,1
562.48,85.88,50.91,15.268098421277198,-35.641901578722795,49.09,36.0,42.0,6.0,0.8571428571428571,6.334131840392106,0.0,0
686.03,228.79,46.51,33.34985350494876,-13.160146495051237,53.49,36.0,42.0,6.0,0.8571428571428571,6.532377959391195,0.0,0
620.3,215.93,68.85,34.810575527970336,-34.03942447202966,31.150000000000006,36.0,42.0,6.0,0.8571428571428571,6.431814057069648,0.0,0
491.39,32.46,17.86,6.60575103278455,-11.25424896721545,82.14,51.0,61.0,10.0,0.8360655737704918,6.1992710854119535,0.0,0
561.91,0.0,17.12,0.0,-17.12,82.88,51.0,61.0,10.0,0.8360655737704918,6.333119757456968,0.0,0
720.4,40.29,11.86,5.592726263187118,-6.267273736812881,88.14,52.0,68.0,16.0,0.7647058823529411,6.581193768469438,0.0,0
595.65,21.02,6.72,3.5289179887517843,-3.1910820112482154,93.28,51.0,61.0,10.0,0.8360655737704918,6.391330676815665,0.0,0
781.85,20.64,4.71,2.639892562511991,-2.070107437488009,95.29,37.0,46.0,9.0,0.8043478260869565,6.662941106757532,0.0,1
1338.14,75.65,6.45,5.65336960258269,-0.7966303974173101,93.55,15.0,33.0,18.0,0.45454545454545453,7.199782895864149,1.0,0
1183.23,0.91,2.0,0.07690812437142398,-1.923091875628576,98.0,36.0,50.0,14.0,0.72,7.076848053335307,1.0,0
826.01,68.8,17.4,8.329196983087371,-9.070803016912627,82.6,36.0,48.0,12.0,0.75,6.717816786849013,0.0,0
665.47,295.3,96.45,44.37465250123972,-52.07534749876028,3.549999999999997,36.0,48.0,12.0,0.75,6.501995127352913,0.0,0
1054.46,98.83,19.61,9.37256984617719,-10.23743015382281,80.39,61.0,70.0,9.0,0.8714285714285714,6.961731969838869,1.0,0
1719.2,64.54,17.1,3.754071661237785,-13.345928338762217,82.9,36.0,51.0,15.0,0.7058823529411765,7.450195842117379,1.0,0
1433.39,332.46,38.09,23.193966750151734,-14.89603324984827,61.91,36.0,44.0,8.0,0.8181818181818182,7.26849495071057,1.0,1
531.61,18.6,13.13,3.498805515321382,-9.63119448467862,86.87,24.0,47.0,23.0,0.5106382978723404,6.277789449020316,0.0,0
962.84,9.31,7.08,0.9669311619791451,-6.113068838020855,92.92,14.0,35.0,21.0,0.4,6.8709253057314195,0.0,0
939.17,95.33,5.68,10.150451994846515,4.470451994846515,94.32,24.0,41.0,17.0,0.5853658536585366,6.846060709976297,0.0,0
571.34,37.09,22.17,6.491756222214444,-15.678243777785557,77.83,36.0,50.0,14.0,0.72,6.349733220385172,0.0,0
1154.49,47.59,10.45,4.122166497760917,-6.327833502239082,89.55,36.0,54.0,18.0,0.6666666666666666,7.052279775414763,1.0,0
782.18,1.75,0.3,0.2237336674422767,-0.07626633255772328,99.7,13.0,35.0,22.0,0.37142857142857144,6.663362554628753,0.0,0
1370.75,212.1,44.11,15.473281050519788,-28.636718949480212,55.89,36.0,43.0,7.0,0.8372093023255814,7.223842575939085,1.0,0
784.35,285.24,64.0,36.36641805316504,-27.63358194683496,36.0,39.0,39.0,0.0,1.0,6.666129478289041,0.0,1
665.91,482.76,93.1,72.49628328152453,-20.603716718475468,6.900000000000006,37.0,37.0,0.0,1.0,6.502655104277677,0.0,1
996.5,129.42,30.66,12.98745609633718,-17.67254390366282,69.34,17.0,35.0,18.0,0.4857142857142857,6.905252148764019,0.0,0
159.53,62.01,99.09,38.87043189368771,-60.219568106312295,0.9099999999999966,24.0,24.0,0.0,1.0,5.078480840991323,0.0,1
1471.19,407.69,33.14,27.711580421291604,-5.428419578708397,66.86,38.0,38.0,0.0,1.0,7.294506367046177,1.0,1
238.66,6.06,9.15,2.5391770719852507,-6.61082292801475,90.85,11.0,30.0,19.0,0.36666666666666664,5.47922125225437,0.0,0
252.2,0.0,44.46,0.0,-44.46,55.54,69.0,72.0,3.0,0.9583333333333334,5.534179690270021,0.0,1
232.29,12.48,25.61,5.372594601575617,-20.237405398424382,74.39,68.0,76.0,8.0,0.8947368421052632,5.452282314842547,0.0,0
199.5,0.1,0.0,0.05012531328320802,0.05012531328320802,100.0,36.0,55.0,19.0,0.6545454545454545,5.300814246746624,0.0,0
168.95,7.84,21.0,4.6404261615862685,-16.35957383841373,79.0,36.0,45.0,9.0,0.8,5.135504276142125,0.0,0
511.54,0.0,3.0,0.0,-3.0,97.0,50.0,65.0,15.0,0.7692307692307693,6.239378756747404,0.0,0
587.1,52.43,21.0,8.93033554760688,-12.06966445239312,79.0,54.0,70.0,16.0,0.7714285714285715,6.3768970014659105,0.0,0
155.97,36.6,18.0,23.466051163685325,5.466051163685325,82.0,37.0,51.0,14.0,0.7254901960784313,5.056054704287115,0.0,0
172.66,0.0,15.0,0.0,-15.0,85.0,36.0,43.0,7.0,0.8372093023255814,5.157099364632499,0.0,0
172.09,0.0,20.25,0.0,-20.25,79.75,48.0,55.0,7.0,0.8727272727272727,5.153811690438308,0.0,0
374.17,82.44,47.25,22.032765855092602,-25.217234144907398,52.75,24.0,33.0,9.0,0.7272727272727273,5.927379256579233,0.0,0
320.64,16.35,16.09,5.099176646706587,-10.990823353293413,83.91,30.0,32.0,2.0,0.9375,5.773432907679949,0.0,1
263.32,8.76,8.13,3.326750721555522,-4.803249278444479,91.87,12.0,32.0,20.0,0.375,5.577160490332613,0.0,0
150.86,102.13,99.86,67.69852843696141,-32.16147156303859,0.14000000000000057,30.0,40.0,10.0,0.75,5.022959043785088,0.0,0
882.45,122.77,31.0,13.91240296900674,-17.08759703099326,69.0,36.0,43.0,7.0,0.8372093023255814,6.783834697062659,0.0,1
546.67,0.0,45.0,0.0,-45.0,55.0,36.0,44.0,8.0,0.8181818181818182,6.305672915777904,0.0,0
2165.23,359.7,31.07,16.612553862638148,-14.457446137361853,68.93,51.0,52.0,1.0,0.9807692307692307,7.680743608442476,1.0,1
666.81,36.91,21.82,5.5353099083697,-16.2846900916303,78.18,16.0,32.0,16.0,0.5,6.5040037019407135,0.0,0
2029.17,509.27,70.0,25.097453638679852,-44.90254636132015,30.0,60.0,63.0,3.0,0.9523809523809523,7.615874812371878,1.0,0
1196.38,159.94,12.27,13.368662130761127,1.0986621307611273,87.73,40.0,52.0,12.0,0.7692307692307693,7.0878911154955695,1.0,0
1409.88,506.87,60.0,35.95128663432349,-24.048713365676512,40.0,36.0,37.0,1.0,0.972972972972973,7.251968902169573,1.0,0
1801.37,580.27,64.12,32.212704774699255,-31.90729522530075,35.879999999999995,60.0,63.0,3.0,0.9523809523809523,7.496857744505479,1.0,1
1555.13,138.54,20.03,8.90857999009729,-11.12142000990271,79.97,56.0,74.0,18.0,0.7567567567567568,7.349957248806275,1.0,0
334.64,0.0,68.0,0.0,-68.0,32.0,48.0,55.0,7.0,0.8727272727272727,5.816039157001868,0.0,0
606.61,0.0,48.79,0.0,-48.79,51.21,37.0,44.0,7.0,0.8409090909090909,6.409533228782365,0.0,0
154.89,11.56,23.0,7.463361094970625,-15.536638905029374,77.0,25.0,27.0,2.0,0.9259259259259259,5.04915063032459,0.0,0
278.1,28.44,37.16,10.226537216828477,-26.93346278317152,62.84,14.0,23.0,9.0,0.6086956521739131,5.6315701405422764,0.0,0
2010.2,664.82,37.24,33.07233111133221,-4.167668888667791,62.76,42.0,42.0,0.0,1.0,7.606486837835983,1.0,1
1764.86,272.55,35.1,15.443151298119966,-19.656848701880037,64.9,42.0,48.0,6.0,0.875,7.476393102823272,1.0,0
1237.71,0.53,5.6,0.04282101623158898,-5.55717898376841,94.4,12.0,33.0,21.0,0.36363636363636365,7.121825794507305,1.0,0
353.3,156.66,79.48,44.34191904896688,-35.138080951033125,20.519999999999996,26.0,30.0,4.0,0.8666666666666667,5.870144011871426,0.0,0
238.97,119.33,92.0,49.935138301878894,-42.064861698121106,8.0,48.0,53.0,5.0,0.9056603773584906,5.4805139155288405,0.0,0
411.16,75.77,28.06,18.42834906119272,-9.63165093880728,71.94,21.0,28.0,7.0,0.75,6.0214116234759345,0.0,0
904.99,137.39,34.48,15.181383219704085,-19.298616780295912,65.52000000000001,24.0,48.0,24.0,0.5,6.809028268454472,0.0,0
1616.97,141.23,16.61,8.734237493583677,-7.875762506416322,83.39,36.0,38.0,2.0,0.9473684210526315,7.3889275560373955,1.0,1
1388.59,150.68,20.6,10.851295198726767,-9.748704801273234,79.4,36.0,38.0,2.0,0.9473684210526315,7.236764018585515,1.0,1
1163.17,138.72,22.12,11.926029729102366,-10.193970270897635,77.88,14.0,29.0,15.0,0.4827586206896552,7.0597636657373615,1.0,0
1299.36,123.13,16.09,9.476203669498831,-6.613796330501168,83.91,36.0,38.0,2.0,0.9473684210526315,7.1703964281904335,1.0,1
1376.1,133.95,33.86,9.73403095705254,-24.12596904294746,66.14,24.0,33.0,9.0,0.7272727272727273,7.22773511773308,1.0,0
1297.75,0.0,34.07,0.0,-34.07,65.93,36.0,40.0,4.0,0.9,7.169157542413437,1.0,0
490.92,0.0,73.6,0.0,-73.6,26.400000000000006,41.0,43.0,2.0,0.9534883720930233,6.198316101645214,0.0,0
445.76,18.32,10.8,4.109834888729361,-6.690165111270639,89.2,41.0,51.0,10.0,0.803921568627451,6.102021537672626,0.0,0
499.88,187.35,62.85,37.47899495879011,-25.37100504120989,37.15,41.0,45.0,4.0,0.9111111111111111,6.216366551437055,0.0,0
399.01,0.0,63.98,0.0,-63.98,36.02,41.0,46.0,5.0,0.8913043478260869,5.991489546795487,0.0,0
1183.71,83.68,0.0,7.0692990681839305,7.0692990681839305,100.0,36.0,51.0,15.0,0.7058823529411765,7.077253297880605,1.0,0
1129.33,31.41,5.17,2.781295104176813,-2.388704895823187,94.83,38.0,53.0,15.0,0.7169811320754716,7.030264904470579,1.0,0
1127.9,66.79,6.5,5.9216242574696345,-0.5783757425303655,93.5,36.0,45.0,9.0,0.8,7.028998986267501,1.0,1
1142.6,64.38,0.0,5.634517766497462,5.634517766497462,100.0,36.0,51.0,15.0,0.7058823529411765,7.041936460448157,1.0,0
1105.25,72.08,5.07,6.521601447636281,1.451601447636281,94.93,36.0,52.0,16.0,0.6923076923076923,7.008731196322139,1.0,0
973.45,189.17,40.05,19.4329446812882,-20.6170553187118,59.95,36.0,48.0,12.0,0.75,6.881873209268033,0.0,0
958.86,142.89,11.68,14.902071209561353,3.222071209561353,88.32,53.0,61.0,8.0,0.8688524590163934,6.866787440493834,0.0,0
920.66,0.0,43.8,0.0,-43.8,56.2,27.0,33.0,6.0,0.8181818181818182,6.826176391989109,0.0,1
726.9,194.74,8.05,26.79048012106205,18.74048012106205,91.95,26.0,35.0,9.0,0.7428571428571429,6.590163676124212,0.0,0
670.9,0.0,12.1,0.0,-12.1,87.9,26.0,32.0,6.0,0.8125,6.510109519926104,0.0,0
657.21,0.0,54.9,0.0,-54.9,45.1,26.0,32.0,6.0,0.8125,6.489524029344299,0.0,0
431.78,0.0,55.12,0.0,-55.12,44.88,26.0,30.0,4.0,0.8666666666666667,6.070229515743637,0.0,1
174.43,0.0,41.9,0.0,-41.9,58.1,73.0,73.0,0.0,1.0,5.1672401029410935,0.0,0
296.02,0.0,26.0,0.0,-26.0,74.0,50.0,60.0,10.0,0.8333333333333334,5.693799476602799,0.0,0
283.86,24.5,42.0,8.631015289227083,-33.36898471077292,58.0,39.0,50.0,11.0,0.78,5.65199783150644,0.0,0
1086.3,0.0,4.0,0.0,-4.0,96.0,34.0,54.0,20.0,0.6296296296296297,6.9914528380037035,1.0,0
587.97,37.37,28.0,6.35576645066925,-21.64423354933075,72.0,48.0,56.0,8.0,0.8571428571428571,6.378375248568339,0.0,0
1679.75,66.99,13.41,3.9880934662896257,-9.421906533710374,86.59,40.0,62.0,22.0,0.6451612903225806,7.426995401349146,1.0,0
2008.7,0.0,5.0,0.0,-5.0,95.0,34.0,56.0,22.0,0.6071428571428571,7.605740736182332,1.0,0
1141.67,0.0,80.0,0.0,-80.0,20.0,48.0,51.0,3.0,0.9411764705882353,7.041122908198164,1.0,0
947.15,0.0,4.0,0.0,-4.0,96.0,34.0,53.0,19.0,0.6415094339622641,6.854512717586418,0.0,0
1138.72,0.0,24.4,0.0,-24.4,75.6,39.0,54.0,15.0,0.7222222222222222,7.038537897185386,1.0,0
1273.72,0.0,42.43,0.0,-42.43,57.57,48.0,62.0,14.0,0.7741935483870968,7.150481825632056,1.0,0
1708.62,0.0,2.0,0.0,-2.0,98.0,24.0,58.0,34.0,0.41379310344827586,7.444026402579467,1.0,0
1511.57,0.0,32.0,0.0,-32.0,68.0,36.0,48.0,12.0,0.75,7.3215654698258,1.0,0
974.19,0.73,44.0,0.07493404777302169,-43.92506595222698,56.0,50.0,64.0,14.0,0.78125,6.882632323807678,0.0,0
1348.06,0.0,23.88,0.0,-23.88,76.12,48.0,68.0,20.0,0.7058823529411765,7.207163332609325,1.0,0
1734.7,0.0,7.0,0.0,-7.0,93.0,36.0,52.0,16.0,0.6923076923076923,7.459166069226836,1.0,0
701.02,0.0,81.18,0.0,-81.18,18.819999999999993,36.0,40.0,4.0,0.9,6.553961893648468,0.0,0
2061.86,0.0,20.0,0.0,-20.0,80.0,34.0,60.0,26.0,0.5666666666666667,7.631848648432096,1.0,0
1603.53,157.34,27.85,9.812102049852513,-18.03789795014749,72.15,37.0,52.0,15.0,0.7115384615384616,7.380586157788642,1.0,0
1753.75,355.19,54.1,20.253171774768354,-33.84682822523165,45.9,38.0,41.0,3.0,0.926829268292683,7.470081675610531,1.0,0
1089.41,36.93,12.5,3.3899082989875247,-9.110091701012475,87.5,19.0,37.0,18.0,0.5135135135135135,6.994309051286712,1.0,0
1089.41,69.75,33.95,6.402548168274571,-27.547451831725432,66.05,19.0,38.0,19.0,0.5,6.994309051286712,1.0,1
2289.34,132.07,25.2,5.768911564031554,-19.431088435968444,74.8,19.0,41.0,22.0,0.4634146341463415,7.736455557143186,1.0,0
2541.13,198.69,33.15,7.818962430099995,-25.331037569900005,66.85,19.0,37.0,18.0,0.5135135135135135,7.84075759127574,1.0,0
1632.93,273.96,46.47,16.777204166743214,-29.692795833256785,53.53,41.0,52.0,11.0,0.7884615384615384,7.398743434845021,1.0,0
1663.38,460.89,12.9,27.708040255383615,14.808040255383615,87.1,24.0,36.0,12.0,0.6666666666666666,7.417207960694364,1.0,0
1394.14,559.19,55.29,40.110031991048245,-15.179968008951754,44.71,37.0,37.0,0.0,1.0,7.240750047642836,1.0,1
197.6,27.57,12.39,13.95242914979757,1.5624291497975697,87.61,13.0,25.0,12.0,0.52,5.291292751611072,0.0,0
649.44,0.09,6.6,0.013858093126385806,-6.586141906873614,93.4,13.0,31.0,18.0,0.41935483870967744,6.477649056957522,0.0,0
2077.0,144.68,11.75,6.965816080885894,-4.784183919114106,88.25,15.0,35.0,20.0,0.42857142857142855,7.639161171659173,1.0,0
2009.11,135.52,24.4,6.745275271139958,-17.65472472886004,75.6,36.0,50.0,14.0,0.72,7.605944725923847,1.0,0
2289.52,405.32,59.63,17.7032740487089,-41.926725951291104,40.37,36.0,39.0,3.0,0.9230769230769231,7.736534145006641,1.0,0
1122.02,52.15,5.11,4.647867239443147,-0.4621327605568535,94.89,15.0,42.0,27.0,0.35714285714285715,7.0237767640188595,1.0,0
2158.2,565.63,60.65,26.208414419423598,-34.4415855805764,39.35,36.0,38.0,2.0,0.9473684210526315,7.677493061703795,1.0,0
2006.82,832.92,45.16,41.5044697581248,-3.655530241875198,54.84,41.0,41.0,0.0,1.0,7.604804835359324,1.0,1
1377.51,349.12,42.26,25.344280622282234,-16.915719377717764,57.74,31.0,34.0,3.0,0.9117647058823529,7.228758484699418,1.0,0
775.94,0.14,4.44,0.018042632162280588,-4.42195736783772,95.56,13.0,34.0,21.0,0.38235294117647056,6.655363127308804,0.0,0
573.96,0.0,20.78,0.0,-20.78,79.22,41.0,60.0,19.0,0.6833333333333333,6.354300473160187,0.0,1
649.6,0.0,29.72,0.0,-29.72,70.28,46.0,54.0,8.0,0.8518518518518519,6.477895014039251,0.0,0
292.76,0.0,72.5,0.0,-72.5,27.5,41.0,43.0,2.0,0.9534883720930233,5.682763107432126,0.0,1
259.64,0.0,52.51,0.0,-52.51,47.49,27.0,30.0,3.0,0.9,5.563140144853735,0.0,0
715.97,115.32,43.28,16.106820118161373,-27.173179881838628,56.72,27.0,40.0,13.0,0.675,6.575033998720077,0.0,0
720.67,0.0,0.0,0.0,0.0,100.0,10.0,39.0,29.0,0.2564102564102564,6.581567970695458,0.0,0
742.43,0.3,0.0,0.04040784989830691,0.04040784989830691,100.0,37.0,57.0,20.0,0.6491228070175439,6.6112746121740065,0.0,0
304.83,0.0,0.0,0.0,0.0,100.0,28.0,54.0,26.0,0.5185185185185185,5.723029392018658,0.0,0
410.83,157.03,62.92,38.22262249592289,-24.69737750407711,37.08,36.0,36.0,0.0,1.0,6.020610642838686,0.0,1
309.99,0.15,1.07,0.048388657698635436,-1.0216113423013646,98.93,12.0,32.0,20.0,0.375,5.739760757321436,0.0,0
1818.46,443.7,55.19,24.399766835674143,-30.790233164325855,44.81,28.0,43.0,15.0,0.6511627906976745,7.506295032749006,1.0,0
1212.56,283.87,36.78,23.410800290294915,-13.369199709705086,63.22,36.0,45.0,9.0,0.8,7.101313467702079,1.0,1
560.79,0.0,2.5,0.0,-2.5,97.5,36.0,57.0,21.0,0.631578947368421,6.331128114582922,0.0,0
152.27,0.0,22.33,0.0,-22.33,77.67,25.0,40.0,15.0,0.625,5.032201072010817,0.0,0
